,City,Country,ID,Latitude,Longitude,Max Temp,Cloudiness,Humidity,Wind Speed,Date
0,Husavik,CA,5961417,50.56,-96.99,277.59,82,77,3.58,1573934152
1,Langham,CA,6049403,52.36,-106.96,274.26,90,98,4.1,1573934153
2,Punta Arenas,CL,3874787,-53.16,-70.91,285.15,100,71,5.7,1573934154
3,Kahului,US,5847411,20.89,-156.47,301.15,1,58,2.6,1573934155
4,Cape Town,ZA,3369157,-33.93,18.42,289.82,20,87,10.8,1573934102
5,Rikitea,PF,4030556,-23.12,-134.97,296.64,95,84,7.04,1573934158
6,Albany,US,5106834,42.65,-73.75,274.15,1,44,5.1,1573933897
7,Ushuaia,AR,3833367,-54.81,-68.31,288.15,40,54,6.2,1573934161
8,Davila,PH,1715335,18.47,120.58,299.56,40,85,10.16,1573934162
9,Nicolas Bravo,MX,4015683,24.39,-104.74,293.15,75,42,0.93,1573934163
10,Hailey,US,5594956,43.52,-114.32,282.59,5,31,1.95,1573934164
11,Mataura,NZ,6201424,-46.19,168.86,284.82,33,73,3.58,1573934165
12,Avarua,CK,4035715,-21.21,-159.78,298.15,0,83,5.1,1573934166
13,Vulcan,CA,6174687,50.4,-113.26,280.37,98,55,0.89,1573934168
14,Chokurdakh,RU,2126123,70.62,147.9,254.5,100,97,2.11,1573934169
15,Butaritari,KI,2110227,3.07,172.79,299.89,100,85,8.22,1573934171
16,Atuona,PF,4020109,-9.8,-139.03,299.66,1,73,6.82,1573934172
17,Busselton,AU,2075265,-33.64,115.35,287.59,0,60,1.8,1573934173
18,Bredasdorp,ZA,1015776,-34.53,20.04,289.15,78,77,1.5,1573934174
19,Santa Luzia,BR,3450144,-19.77,-43.85,301.15,40,51,1.5,1573934175
20,Avera,US,4231997,33.19,-82.53,289.15,90,81,2.6,1573934176
21,Yellowknife,CA,6185377,62.45,-114.38,258.15,90,84,2.1,1573934178
22,Port Alfred,ZA,964432,-33.59,26.89,291.48,13,92,1.83,1573934179
23,Vrangel,RU,2013258,42.73,133.08,271.16,0,51,8.76,1573934180
24,Khatanga,RU,2022572,71.98,102.47,248.64,56,90,1.14,1573934181
25,Nueve de Julio,AR,3842882,-31.67,-68.39,305.63,0,26,5.97,1573934182
26,Barranca,PE,3946820,-10.75,-77.76,291.4,100,89,5.53,1573934184
27,Nago,IT,3172402,45.88,10.89,283.71,40,87,2.6,1573934185
28,San Patricio,PY,3437029,-26.98,-56.83,299.38,0,51,2.77,1573934186
29,Bereda,ES,3105522,43.27,-7.54,283.71,75,81,3.6,1573934187
30,Vanavara,RU,2013727,60.35,102.28,241.06,90,95,1.29,1573934188
31,Borba,BR,3405051,-4.39,-59.59,302.72,100,66,1.39,1573934189
32,Sirjan,IR,114259,29.44,55.67,281.85,100,57,4.51,1573934190
33,Hermanus,ZA,3366880,-34.42,19.24,289.26,52,91,6.78,1573934191
34,Tuatapere,NZ,2180815,-46.13,167.69,284.82,2,73,3.58,1573934192
35,Zary,PL,3080644,51.64,15.14,277.04,33,86,0.45,1573934193
36,Qostanay,KZ,1519928,53.17,63.58,264.15,46,92,3.0,1573934194
37,Kodiak,US,4407665,39.95,-94.76,287.59,1,32,6.7,1573934195
38,Bambous Virieux,MU,1106677,-20.34,57.76,297.59,40,78,5.1,1573934197
39,Sulangan,PH,1685422,11.14,123.72,300.27,100,73,2.21,1573934198
40,Guerrero Negro,MX,4021858,27.97,-114.04,295.82,3,58,5.13,1573934199
41,Sabang,PH,1726279,13.8,121.11,298.15,100,93,0.71,1573934200
42,Ponta do Sol,BR,3453439,-20.63,-46.0,296.11,45,75,3.34,1573934201
43,Gannan,CN,2037311,47.92,123.49,261.69,85,41,0.99,1573934202
44,Lebu,ET,344979,8.96,38.73,290.15,40,48,5.1,1573934203
45,Ketchikan,US,5554428,55.34,-131.65,283.15,90,100,10.3,1573934204
46,Cherskiy,RU,2126199,68.75,161.3,251.23,74,100,1.09,1573934205
47,Zhuhai,CN,2052479,40.71,112.04,279.15,20,20,6.0,1573934207
48,Selkirk,CA,6144054,50.15,-96.88,278.15,75,88,8.2,1573934210
49,Qaanaaq,GL,3831208,77.48,-69.36,260.38,100,90,2.21,1573934211
50,Hobart,AU,2163355,-42.88,147.33,281.48,20,65,4.1,1573934212
51,Necochea,AR,3430443,-38.55,-58.74,290.93,0,78,3.58,1573934213
52,Boende,CD,218680,-0.28,20.88,295.92,100,98,1.32,1573934215
53,Praia da Vitoria,PT,3372760,38.73,-27.07,289.15,20,77,4.37,1573934216
54,Tarauaca,BR,3661980,-8.16,-70.77,300.03,43,66,2.19,1573934192
55,Saskylakh,RU,2017155,71.97,114.09,250.86,100,97,2.06,1573934218
56,Bluff,AU,2175403,-23.58,149.07,297.78,0,60,4.6,1573934219
57,Sambava,MG,1056899,-14.27,50.17,295.66,78,97,0.63,1573934220
58,Diamantina,BR,3464728,-18.24,-43.6,295.22,100,84,1.11,1573934221
59,Frankfort,US,4292188,38.2,-84.87,282.15,1,45,3.6,1573934222
60,Port Elizabeth,US,4501427,39.31,-74.98,280.15,1,28,7.2,1573934224
61,Santa Maria,BR,3462672,-16.02,-48.01,301.15,40,54,4.1,1573934226
62,Carnarvon,ZA,1014034,-30.97,22.13,292.75,0,47,7.7,1573934227
63,High Prairie,CA,5975034,55.43,-116.48,275.16,99,87,2.79,1573934228
64,Hamilton,CA,5969785,43.26,-79.87,273.15,40,68,8.2,1573934203
65,Norman Wells,CA,6089245,65.28,-126.83,252.15,90,76,3.6,1573934230
66,Nouadhibou,MR,2377457,20.93,-17.03,296.15,40,49,6.2,1573934233
67,Airai,TL,1651810,-8.93,125.41,293.9,32,23,2.07,1573934234
68,New Norfolk,AU,2155415,-42.78,147.06,281.48,20,76,4.1,1573934237
69,Zhangjiakou,CN,2033196,40.77,114.88,271.53,100,95,2.24,1573934238
70,Sao Filipe,CV,3374210,14.9,-24.5,295.84,92,80,7.36,1573934239
71,Dikson,RU,1507390,73.51,80.55,248.65,0,88,3.68,1573934240
72,Mersing,MY,1732826,2.43,103.84,300.76,81,73,1.89,1573934243
73,Nikolskoye,RU,546105,59.7,30.79,275.93,90,93,2.0,1573934244
74,Nelson Bay,AU,2155562,-32.72,152.14,291.48,90,87,1.5,1573934245
75,Mahebourg,MU,934322,-20.41,57.7,297.59,40,78,5.1,1573934246
76,Ipameri,BR,3461151,-17.72,-48.16,296.29,71,82,0.87,1573934247
77,Lorengau,PG,2092164,-2.02,147.27,301.74,100,76,4.1,1573934249
78,Ponta Delgada,PT,3372783,37.73,-25.67,290.15,75,63,2.1,1573934250
79,La Ronge,CA,6050066,55.1,-105.3,270.15,90,92,3.6,1573934015
80,Kavieng,PG,2094342,-2.57,150.8,302.22,100,69,2.24,1573934252
81,Nome,US,4732862,30.04,-94.42,290.37,1,29,1.5,1573934253
82,Estelle,FR,2969157,43.97,3.47,277.15,97,93,2.1,1573934254
83,Saint-Philippe,CA,6138908,45.36,-73.48,269.15,1,38,2.1,1573934255
84,East London,ZA,1006984,-33.02,27.91,292.3,31,78,2.13,1573934256
85,Turtas,RU,1540475,58.94,69.13,268.44,100,96,3.61,1573934258
86,Pevek,RU,2122090,69.7,170.27,257.42,76,80,0.91,1573934259
87,Chute-aux-Outardes,CA,5922281,49.12,-68.38,271.15,90,46,4.6,1573934262
88,Adrar,DZ,2508813,27.87,-0.29,289.15,0,31,9.3,1573934263
89,Hilo,US,5855927,19.71,-155.08,301.15,1,51,4.04,1573934264
90,Muyezerskiy,RU,524100,63.93,31.65,270.44,100,93,2.26,1573934265
91,Grindavik,IS,3416888,63.84,-22.43,275.15,40,100,1.5,1573934267
92,Upernavik,GL,3418910,72.79,-56.15,266.21,100,62,4.79,1573934268
93,Kapaa,US,5848280,22.08,-159.32,300.15,90,83,5.1,1573934269
94,Salalah,OM,286621,17.01,54.1,300.15,75,57,5.1,1573934270
95,Tiksi,RU,2015306,71.64,128.87,253.88,100,97,1.84,1573934271
96,Jamestown,AU,2069194,-33.21,138.6,280.93,45,80,3.34,1573934273
97,Luwingu,ZM,908913,-10.26,29.92,293.79,55,77,1.21,1573934274
98,Pavelets,RU,512255,53.79,39.25,275.37,0,78,1.34,1573934275
99,Ixtapa,MX,4004293,20.71,-105.21,303.15,75,55,1.5,1573934277
100,Hasan Abdal,IR,111453,36.62,48.54,268.26,0,80,3.24,1573934278
101,Broken Hill,AU,2173911,-31.97,141.45,285.15,30,46,5.7,1573934279
102,Manacapuru,BR,3663529,-3.3,-60.62,297.15,75,88,3.6,1573934281
103,Vaini,IN,1273574,15.34,74.49,293.2,19,88,2.52,1573934282
104,Hamamatsu,JP,1863289,34.71,137.73,285.93,0,74,1.34,1573934284
105,Ornskoldsvik,SE,2686469,63.29,18.72,272.15,100,100,2.6,1573934285
106,Lincoln,GB,2644487,53.23,-0.54,281.48,90,100,3.1,1573934217
107,Monastyryshche,UA,700796,48.99,29.8,281.95,11,93,4.54,1573934287
108,Chuy,UY,3443061,-33.69,-53.46,296.35,94,76,2.67,1573934288
109,Ambilobe,MG,1082243,-13.19,49.05,298.89,20,81,4.32,1573934289
110,San Vicente,EC,3660401,-0.59,-80.41,301.15,75,69,2.6,1573934290
111,Bemidji,US,5017822,47.48,-94.89,280.15,75,60,7.2,1573934291
112,Castro,CL,3896218,-42.48,-73.76,287.15,90,67,10.3,1573934292
113,Maceio,BR,3395981,-9.67,-35.74,302.15,1,62,9.3,1573934243
114,Pangody,RU,1495626,65.85,74.49,251.02,100,95,7.76,1573934294
115,Kieta,PG,2094027,-6.22,155.63,301.67,92,74,0.83,1573934295
116,Catuday,PH,1717787,16.29,119.81,300.78,100,76,1.26,1573934297
117,Iqaluit,CA,5983720,63.75,-68.52,265.15,90,72,2.6,1573934298
118,Olga,US,5368361,34.11,-118.17,304.15,1,60,2.1,1573934299
119,Sao Francisco,BR,3467400,-25.65,-53.85,304.15,0,35,3.1,1573934300
120,Grande Prairie,CA,5964347,55.17,-118.79,277.15,90,64,2.1,1573934301
121,Kabalo,CD,215668,-6.05,26.92,294.92,100,94,0.97,1573934302
122,Aligudarz,IR,143921,33.4,49.69,269.02,53,82,1.38,1573934303
123,Puerto Ayora,EC,3652764,-0.74,-90.35,298.15,75,65,3.6,1573934304
124,Victor Harbor,AU,2059470,-35.55,138.62,286.48,40,76,1.0,1573934305
125,Mount Gambier,AU,2156643,-37.83,140.78,282.15,90,87,1.5,1573934307
126,Kalangala,UG,232571,-0.32,32.29,296.15,20,88,1.0,1573934310
127,Pangnirtung,CA,6096551,66.15,-65.72,266.15,75,73,3.6,1573934311
128,Ivanivka,UA,707453,46.71,34.54,279.68,0,69,3.02,1573934312
129,Saint George,GR,262462,39.45,22.34,286.15,40,93,0.71,1573934313
130,Vawkavysk,BY,620391,53.15,24.45,281.7,100,93,5.38,1573934315
131,Cidreira,BR,3466165,-30.17,-50.22,293.91,0,63,4.13,1573934316
132,Royan,FR,2982343,45.62,-1.03,279.15,35,100,0.5,1573934317
133,Beloha,MG,1067565,-25.17,45.06,296.43,51,81,6.62,1573934318
134,Cockburn Town,TC,3576994,21.46,-71.14,303.15,40,66,2.6,1573934241
135,Namatanai,PG,2090021,-3.66,152.44,298.77,100,86,3.02,1573934321
136,Acapulco,MX,3533462,16.86,-99.88,303.15,5,70,2.6,1573934323
137,Faya,SA,110690,18.39,42.45,288.15,96,58,1.32,1573934324
138,Sao Jose da Coroa Grande,BR,3388456,-8.9,-35.15,299.88,31,76,8.27,1573934325
139,Barrow,AR,3833859,-38.31,-60.23,296.09,0,43,4.97,1573934326
140,Ukiah,US,5404476,39.15,-123.21,295.93,1,71,1.66,1573934327
141,Naryan-Mar,RU,523392,67.67,53.09,265.85,93,92,5.58,1573934328
142,Deputatskiy,RU,2028164,69.3,139.9,254.14,89,97,1.26,1573934330
143,Rawson,AR,3839307,-43.3,-65.11,293.67,100,33,6.48,1573934331
144,Lavrentiya,RU,4031637,65.58,-170.99,268.91,0,76,8.0,1573934332
145,Jaguarao,BR,3460232,-32.57,-53.38,297.87,34,66,1.54,1573934333
146,Matagami,NG,2335713,9.67,8.4,296.06,97,36,1.88,1573934334
147,Noumea,NC,2139521,-22.28,166.46,298.15,76,68,0.5,1573934335
148,Mitu,IR,117392,36.2,46.09,270.16,0,52,4.38,1573934337
149,Zhengjiatun,CN,2033135,43.51,123.51,267.98,100,32,3.52,1573934338
150,Susurluk,TR,300058,39.91,28.16,290.15,0,100,1.0,1573934339
151,Turukhansk,RU,1488903,65.8,87.96,245.64,68,80,4.1,1573934341
152,Yumen,CN,1528998,40.29,97.04,265.74,100,29,3.92,1573934342
153,Harper,US,4696310,30.3,-99.24,291.15,1,34,5.7,1573934343
154,Romny,UA,695464,50.74,33.49,276.68,36,79,2.83,1573934344
155,Mandalgovi,MN,2030065,45.76,106.27,251.73,71,71,14.36,1573934345
156,Ormond Beach,US,4167178,29.29,-81.06,287.59,90,76,6.2,1573934346
157,Brakel,DE,2945542,51.72,9.18,277.15,0,92,3.6,1573934347
158,Penedo,BR,3454231,-10.29,-36.58,299.09,31,77,6.32,1573934303
159,Srednekolymsk,RU,2121025,67.46,153.71,257.81,100,95,3.26,1573934351
160,Leningradskiy,RU,2123814,69.38,178.42,263.71,57,78,1.94,1573934352
161,Lagoa,PT,2267254,37.14,-8.45,286.15,0,58,4.1,1573934353
162,Kununurra,AU,2068110,-15.77,128.74,295.15,77,94,2.1,1573934354
163,Dukat,AL,3184575,40.25,19.57,289.26,100,81,9.96,1573934355
164,Kaitangata,NZ,2208248,-46.28,169.85,284.26,67,77,2.24,1573934357
165,Vao,EE,588365,59.1,26.19,275.76,100,96,3.82,1573934358
166,Paamiut,GL,3421193,61.99,-49.67,269.77,100,46,6.31,1573934359
167,Saint-Francois,FR,2980080,46.42,3.91,278.15,90,80,1.39,1573934360
168,Longyearbyen,NO,2729907,78.22,15.63,272.15,20,74,6.2,1573934361
169,Stanilesti,RO,666287,46.62,28.17,288.15,90,82,4.6,1573934364
170,Nyurba,RU,2018735,63.29,118.35,252.12,100,95,2.92,1573934365
171,Tuktoyaktuk,CA,6170031,69.44,-133.03,254.15,75,77,5.1,1573934366
172,Arman,RU,2127060,59.7,150.17,265.4,80,66,9.7,1573934367
173,Tallahassee,US,4174715,30.44,-84.28,287.15,90,71,3.6,1573934304
174,Alofi,NU,4036284,-19.06,-169.92,299.15,46,74,3.6,1573934369
175,Winsford,GB,2633810,53.19,-2.53,281.15,75,93,0.5,1573934370
176,Inhambane,MZ,1045114,-23.87,35.38,297.15,16,83,4.1,1573934371
177,Kandiari,PK,1175012,26.92,68.52,294.86,4,53,3.58,1573934372
178,Kavaratti,IN,1267390,10.57,72.64,301.18,100,75,3.56,1573934373
179,Kruisfontein,ZA,986717,-34.0,24.73,289.08,100,96,3.55,1573934374
180,Sisimiut,GL,3419842,66.94,-53.67,264.55,100,66,5.93,1573934375
181,Luderitz,NA,3355672,-26.65,15.16,293.15,17,72,10.8,1573934377
182,Victoria,BN,1733782,5.28,115.24,298.15,75,88,1.06,1573934378
183,Cadiz,US,5148855,40.27,-81.0,280.37,1,52,3.1,1573934379
184,Klaksvik,FO,2618795,62.23,-6.59,277.15,100,93,10.3,1573934380
185,Flinders,AU,6255012,-34.58,150.85,290.37,90,100,2.6,1573934381
186,Ancud,CL,3899695,-41.87,-73.83,287.15,90,67,10.3,1573934382
187,Rio Grande,BR,3451138,-32.03,-52.1,301.15,0,42,3.1,1573934383
188,Narsaq,GL,3421719,60.91,-46.05,270.15,75,30,5.1,1573934385
189,Batemans Bay,AU,2176639,-35.71,150.18,286.48,100,93,1.79,1573934386
190,Salinopolis,BR,3389822,-0.61,-47.36,300.96,10,79,8.05,1573934389
191,Betong,MY,1611635,5.77,101.07,293.13,100,97,1.14,1573934391
192,Tomatlan,MX,3981391,19.93,-105.25,301.4,100,57,2.17,1573934392
193,Belmonte,PT,8010472,40.36,-7.35,278.71,4,86,0.45,1573934344
194,Gossas,SN,2244221,14.49,-16.06,304.15,100,52,3.27,1573934394
195,Vila,IT,3164565,45.18,8.4,282.04,75,100,5.1,1573934395
196,Ipixuna,BR,3408424,-1.76,-48.8,300.15,75,78,8.2,1573934396
197,Georgetown,GY,3378644,6.8,-58.16,304.15,40,66,4.1,1573934174
198,Fortuna,US,5563839,40.6,-124.16,290.37,75,93,3.29,1573934398
199,Provideniya,RU,4031574,64.42,-173.23,265.76,100,92,5.8,1573934399
200,Mugur-Aksy,RU,1498283,50.38,90.44,245.7,81,66,3.44,1573934400
201,Hailar,CN,2037078,49.2,119.7,258.69,100,54,4.59,1573934401
202,Kerman,IR,128234,30.29,57.06,275.15,12,37,2.1,1573934403
203,Mongar,BT,1252514,27.28,91.24,277.23,41,96,1.17,1573934404
204,Hasaki,JP,2112802,35.73,140.83,281.15,20,93,1.5,1573934406
205,Gornopravdinsk,RU,1506268,60.06,69.92,267.43,74,96,3.23,1573934407
206,Bethel,US,5880568,60.79,-161.76,261.15,90,71,7.2,1573934408
207,Torbay,CA,6167817,47.66,-52.73,272.59,75,68,14.9,1573934409
208,Alice Springs,AU,2077895,-23.7,133.88,289.15,0,18,2.1,1573934410
209,Jardim,BR,3460087,-21.48,-56.15,304.54,0,24,1.6,1573934411
210,Sangamner,IN,1257436,19.57,74.2,293.25,64,84,1.16,1573934412
211,Thessalon,CA,6164831,46.26,-83.55,275.15,75,59,5.7,1573934413
212,Hithadhoo,MV,1282256,-0.6,73.08,300.64,100,75,4.96,1573934252
213,Brae,GB,2654970,60.4,-1.35,275.15,85,93,1.5,1573934417
214,Vila Velha,BR,6320062,-3.71,-38.6,302.15,40,66,5.1,1573934418
215,Conceicao da Barra,BR,3465769,-18.59,-39.73,298.89,100,85,5.21,1573934417
216,Udachnyy,RU,2014624,66.42,112.4,252.15,90,83,1.0,1573934420
217,Portland,US,4975802,43.66,-70.25,273.71,1,46,4.6,1573934349
218,Arraial do Cabo,BR,3471451,-22.97,-42.02,297.15,0,78,6.7,1573934422
219,Gao,ML,2457163,16.28,-0.04,301.1,35,14,4.02,1573934423
220,Manokwari,ID,1636308,-0.87,134.08,296.43,99,72,1.94,1573934424
221,Beringovskiy,RU,2126710,63.05,179.32,271.78,100,75,7.54,1573934425
222,San Cristobal,HN,3609418,14.68,-86.92,295.6,100,83,4.69,1573934427
223,Ilulissat,GL,3423146,69.22,-51.1,268.15,75,57,10.8,1573934428
224,Sohbatpur,PK,1164660,28.52,68.54,294.15,0,51,2.34,1573934429
225,Aksay,KZ,610613,51.17,53.01,272.76,77,53,2.68,1573934430
226,Wattegama,LK,1241622,7.35,80.68,294.64,89,97,0.74,1573934431
227,Hirara,JP,1862505,24.8,125.28,297.33,0,82,8.98,1573934432
228,Partyzany,UA,692714,45.14,35.15,279.65,0,79,1.86,1573934433
229,Pacific Grove,US,5380437,36.62,-121.92,295.93,1,63,3.6,1573934435
230,Darnah,LY,87205,32.77,22.64,293.95,100,63,6.47,1573934271
231,Esperance,AU,2071860,-33.86,121.89,290.15,0,67,6.7,1573934437
232,Egvekinot,RU,4031742,66.32,-179.17,258.61,60,95,4.71,1573934407
233,Porto Novo,BR,6322184,-23.68,-45.44,298.15,40,53,3.6,1573934439
234,Kayes,ML,2455518,14.44,-11.44,302.53,99,24,0.88,1573934441
235,Thompson,CA,6165406,55.74,-97.86,265.15,90,78,2.6,1573934409
236,Hami,CN,1529484,42.84,93.51,263.6,0,24,0.48,1573934443
237,Broome,GB,2656067,52.47,1.45,279.26,100,86,2.6,1573934444
238,Adria,IT,3183466,45.05,12.06,285.15,75,87,3.1,1573934445
239,Dolores,UY,3442750,-33.53,-58.22,296.67,100,71,5.1,1573934446
240,Shahreza,IR,417594,32.01,51.87,272.1,32,72,2.06,1573934447
241,Conakry,GN,2422465,9.52,-13.7,300.63,100,78,2.83,1573934448
242,Rocha,UY,3440777,-34.48,-54.34,294.4,100,78,3.55,1573934449
243,Aksha,RU,2028028,50.28,113.29,257.93,100,49,3.14,1573934452
244,Astoria,US,5711847,46.19,-123.83,285.93,90,87,2.6,1573934231
245,Yulara,AU,6355222,-25.24,130.99,291.15,0,20,1.5,1573934455
246,Altay,CN,1529651,47.83,88.13,251.07,63,37,0.86,1573934456
247,Nova Olinda do Norte,BR,3393838,-3.89,-59.1,299.92,100,89,1.27,1573934457
248,Nangong,CN,1800065,37.36,115.37,281.03,100,88,4.0,1573934458
249,Kondinskoye,RU,1502697,59.65,67.41,267.6,99,94,3.91,1573934459
250,Hermon,AM,409315,39.88,45.43,266.88,0,58,1.11,1573934460
251,Keti Bandar,PK,1174451,24.14,67.45,297.27,26,55,7.11,1573934461
252,Todi,IT,3165612,42.78,12.41,285.37,75,87,6.2,1573934462
253,Ouro Sogui,SN,2246922,15.61,-13.32,303.15,89,48,1.0,1573934464
254,San Ramon,NI,3616584,12.92,-85.84,298.15,40,69,3.5,1573934466
255,Zyryanka,RU,2119283,65.73,150.89,254.19,100,95,6.02,1573934467
256,Hofn,IS,2630299,64.25,-15.21,277.54,77,56,3.79,1573934468
257,Port Lincoln,AU,2063036,-34.72,135.86,285.88,80,67,4.17,1573934469
258,Casas Grandes,MX,4017582,30.15,-110.24,296.78,0,32,2.49,1573934470
259,Saldanha,PT,2737599,41.42,-6.55,277.14,84,86,2.61,1573934471
260,Luwuk,ID,1637001,-0.95,122.79,300.07,34,71,3.24,1573934472
261,Tocopilla,CL,3869716,-22.09,-70.2,293.3,69,17,4.1,1573934474
262,Muri,CH,2659532,46.93,7.49,275.93,83,95,1.0,1573934476
263,Hovd,NO,7626384,63.83,10.7,277.15,75,90,6.2,1573934477
264,Coquimbo,CL,3893629,-29.95,-71.34,292.15,20,68,5.7,1573934478
265,Bonfim,GY,3379316,3.36,-59.84,307.03,67,42,3.53,1573934479
266,The Valley,AI,3573374,18.22,-63.06,302.15,20,69,4.6,1573934480
267,Malindi,KE,187968,-3.22,40.12,298.11,100,91,2.8,1573934481
268,Karratha,AU,6620339,-20.74,116.85,301.05,0,57,4.7,1573934483
269,Lata,IN,1253628,30.78,78.62,268.31,0,49,3.89,1573934484
270,Mecca,SA,104515,21.43,39.83,297.73,14,65,1.85,1573934485
271,Zhigansk,RU,2012530,66.77,123.37,251.19,100,99,2.98,1573934486
272,Saint-Augustin,CA,6138501,45.63,-73.98,268.71,5,48,3.1,1573934487
273,Khandyga,RU,2022773,62.65,135.58,243.07,96,97,1.19,1573934488
274,Dingle,PH,1714733,11.0,122.67,295.92,100,88,0.73,1573934489
275,Severo-Kurilsk,RU,2121385,50.68,156.12,266.08,55,80,2.11,1573934491
276,Minab,IR,123941,27.15,57.07,290.15,0,72,0.5,1573934492
277,Shimoda,JP,1852357,34.7,138.93,280.93,0,89,3.54,1573934493
278,Waipawa,NZ,2185329,-39.94,176.59,289.82,100,69,0.45,1573934494
279,Samarai,PG,2132606,-10.62,150.67,298.2,100,92,1.78,1573934495
280,Larreynaga,NI,3618336,12.68,-86.57,305.15,40,55,2.1,1573934496
281,Sawang Daen Din,TH,1606350,17.48,103.46,294.75,83,76,0.71,1573934497
282,Sitka,US,4267710,37.17,-99.65,294.26,2,28,4.92,1573934498
283,Tual,ID,1623197,-5.67,132.75,300.17,96,81,1.76,1573934499
284,Tsabong,BW,932987,-26.02,22.4,297.71,59,11,3.84,1573934500
285,Birjand,IR,140463,32.86,59.22,280.15,52,28,6.2,1573934501
286,Mar del Plata,AR,3863379,-46.43,-67.52,294.8,100,21,13.44,1573934502
287,Vestmanna,FO,2610343,62.16,-7.17,277.15,99,93,10.3,1573934503
288,Camacupa,AO,3351014,-12.02,17.48,291.8,100,85,1.26,1573934505
289,Huarmey,PE,3939168,-10.07,-78.15,297.04,0,54,4.2,1573934506
290,Verkhoyansk,RU,2013465,67.55,133.39,244.57,96,99,0.7,1573934507
291,Denpasar,ID,1645528,-8.65,115.22,300.15,20,88,1.0,1573934297
292,Katsuura,JP,1865309,33.93,134.5,283.15,20,76,2.6,1573934510
293,Xining,CN,1788852,36.62,101.77,269.63,100,41,3.22,1573934511
294,Nova Granada,BR,3456164,-20.53,-49.32,305.15,40,33,2.6,1573934512
295,Codrington,AU,2160063,-28.95,153.24,292.15,90,82,1.09,1573934513
296,Ostrovnoy,RU,556268,68.05,39.51,267.9,95,95,3.08,1573934514
297,Tromso,NO,3133895,69.65,18.96,267.15,0,92,5.7,1573934451
298,Hobyo,SO,57000,5.35,48.53,299.51,20,78,7.05,1573934519
299,Yaan,NG,2338660,7.38,8.57,300.45,100,57,1.51,1573934520
300,Khani,GE,610864,41.96,42.96,284.15,0,50,11.3,1573934521
301,Howard Springs,AU,6301965,-12.5,131.05,300.37,57,88,1.18,1573934523
302,Zlitan,LY,2208485,32.47,14.57,292.29,23,36,8.05,1573934524
303,Ganzhou,CN,1810638,25.86,114.93,289.87,0,71,0.9,1573934526
304,Derzhavinsk,KZ,1524606,51.1,66.31,266.11,55,87,4.77,1573934527
305,Mehamn,NO,778707,71.03,27.85,268.78,0,87,4.28,1573934528
306,Lompoc,US,5367788,34.64,-120.46,300.15,1,27,1.5,1573934482
307,Aklavik,CA,5882953,68.22,-135.01,250.15,75,76,2.6,1573934532
308,Apatou,SR,3382527,5.16,-54.34,298.99,52,83,1.39,1573934533
309,Touros,BR,3386213,-5.2,-35.46,302.15,40,62,6.7,1573934534
310,Bacolod,PH,1729564,10.68,122.95,296.21,99,89,1.34,1573934535
311,Tasiilaq,GL,3424607,65.61,-37.64,270.15,20,53,3.6,1573934536
312,Lovozero,RU,533933,68.01,35.02,262.41,0,94,0.47,1573934537
313,Sirajganj,BD,1185115,24.46,89.71,295.51,0,74,1.04,1573934538
314,Saint-Nazaire,FR,2977921,47.27,-2.21,279.82,20,93,1.5,1573934539
315,Nizwa,OM,286987,22.93,57.53,289.51,100,57,1.85,1573934540
316,Viedma,AR,3832899,-40.81,-62.99,297.2,14,20,6.24,1573934542
317,Ayan,IR,117656,38.23,44.7,268.48,57,88,0.67,1573934545
318,Lujiang,CN,1802068,31.26,117.28,289.15,100,77,2.0,1573934546
319,Varkaus,FI,632371,62.32,27.87,271.15,90,100,2.1,1573934547
320,Te Anau,NZ,2181625,-45.41,167.72,281.63,65,73,6.26,1573934548
321,Taoudenni,ML,2450173,22.68,-3.98,293.48,79,21,4.35,1573934549
322,Barabinsk,RU,1510916,55.35,78.35,264.15,100,94,5.73,1573934551
323,Nioki,CD,2311968,-2.72,17.69,294.65,100,99,1.02,1573934552
324,Ariquemes,BR,3665199,-9.91,-63.03,300.85,62,72,1.22,1573934553
325,Sorland,NO,3137469,67.67,12.69,278.39,100,68,4.62,1573934554
326,Pramanta,GR,254746,39.52,21.1,285.93,100,93,1.0,1573934555
327,Alamogordo,US,5454627,32.9,-105.96,292.04,1,23,2.1,1573934381
328,Beira,ES,3119841,43.2,-8.36,284.26,75,81,3.6,1573934557
329,Aleksandrovsk-Sakhalinskiy,RU,2127282,50.9,142.16,271.51,100,86,24.9,1573934559
330,Sinnamary,GF,3380290,5.38,-52.96,301.24,20,79,5.94,1573934560
331,Chililabombwe,ZM,919544,-12.37,27.84,292.37,100,90,0.97,1573934561
332,Nakhon Ratchasima,TH,1608529,14.97,102.09,295.37,9,61,1.4,1573934562
333,Vysha,RU,470304,53.85,42.38,273.79,67,79,3.54,1573934563
334,Talcahuano,CL,3870282,-36.72,-73.12,291.15,75,59,4.6,1573934564
335,Sao Joao da Barra,BR,3448903,-21.64,-41.05,298.15,75,69,3.1,1573934565
336,Namibe,AO,3347019,-15.19,12.15,294.77,91,78,6.72,1573934566
337,Nocupetaro,MX,3994911,19.05,-101.15,301.1,52,56,1.5,1573934567
338,Canton,US,5149222,40.8,-81.38,278.15,1,51,3.6,1573934542
339,Vardo,US,4372777,39.62,-77.74,280.15,1,28,4.1,1573934569
340,Vanimo,PG,2084442,-2.67,141.3,302.16,100,78,8.59,1573934570
341,Torrijos,ES,2510249,39.98,-4.28,280.93,0,56,3.1,1573934572
342,Nuuk,GL,3421319,64.17,-51.74,269.15,20,62,7.7,1573934573
343,Moyale,ET,186180,3.52,39.05,295.15,0,61,4.51,1573934574
344,Oranjemund,ZA,3354071,-28.55,16.43,289.57,100,82,8.45,1573934575
345,Yerbogachen,RU,2012956,61.28,108.01,240.24,0,95,2.31,1573934577
346,Todos Santos,MX,3981432,23.45,-110.23,302.59,75,39,2.14,1573934578
347,Inverness,GB,2646088,57.48,-4.23,275.93,20,84,1.0,1573934287
348,Kloulklubed,PW,7671223,7.04,134.26,298.15,75,94,1.5,1573934580
349,Saint Anthony,US,5606187,43.97,-111.68,282.59,20,52,4.6,1573934581
350,Carutapera,BR,3402648,-1.2,-46.02,300.88,98,77,7.36,1573934582
351,Rockhampton,AU,2151437,-23.38,150.51,296.15,43,83,1.5,1573934584
352,Oksfjord,NO,778362,70.24,22.35,273.15,0,82,6.2,1573934585
353,Ardakan,IR,143073,32.31,54.02,279.15,40,56,3.1,1573934586
354,Sfantu Gheorghe,RO,667306,44.65,26.83,284.82,90,93,2.6,1573934587
355,Shakawe,BW,933077,-18.36,21.84,300.96,2,38,2.57,1573934589
356,Nakhon Thai,TH,1608524,17.1,100.84,291.88,48,97,0.42,1573934590
357,Oyama,JP,1853483,36.31,139.8,285.93,20,93,0.5,1573934591
358,Ewa Beach,US,5855051,21.32,-158.01,300.93,75,74,1.85,1573934592
359,Faanui,PF,4034551,-16.48,-151.75,299.83,0,81,6.5,1573934593
360,Tucuman,PE,3934608,-17.17,-70.89,290.65,56,44,5.66,1573934594
361,Teguise,ES,2510573,29.06,-13.56,291.15,40,77,6.7,1573934595
362,Mayma,RU,1499163,52.0,85.9,258.95,100,79,2.05,1573934597
363,Surgana,IN,1255348,20.56,73.64,295.48,31,74,1.46,1573934598
364,Nantucket,US,4944903,41.28,-70.1,276.15,1,40,9.3,1573934599
365,Baghdad,IQ,98182,33.3,44.38,290.15,0,25,4.6,1573934600
366,Grand Gaube,MU,934479,-20.01,57.66,297.59,40,78,5.1,1573934601
367,Bonthe,SL,2409914,7.53,-12.5,300.24,2,80,2.77,1573934602
368,Rayong,TH,1607017,12.68,101.28,298.15,0,94,1.5,1573934603
369,Moundsville,US,4815462,39.92,-80.74,280.37,1,41,6.7,1573934604
370,Taksimo,RU,2015701,56.36,114.84,250.01,100,86,1.44,1573934605
371,Ribeira Grande,PT,3372707,38.52,-28.7,288.15,20,72,2.6,1573934606
372,Souillac,FR,3026644,45.6,-0.6,279.82,1,100,0.5,1573934607
373,Cabo San Lucas,MX,3985710,22.89,-109.91,302.59,75,48,2.1,1573934479
374,Taranto,IT,3165926,40.47,17.24,292.59,20,82,3.6,1573934610
375,Bilibino,RU,2126682,68.06,166.44,255.22,97,47,0.77,1573934611
376,Los Llanos de Aridane,ES,2514651,28.66,-17.92,292.15,75,68,6.7,1573934612
377,Biak,ID,1637001,-0.91,122.88,300.07,34,71,3.24,1573934613
378,Vilyuysk,RU,2013392,63.75,121.63,249.38,99,98,3.66,1573934614
379,Starychi,UA,692844,49.97,23.55,282.15,100,93,5.0,1573934615
380,Truth or Consequences,US,5495292,33.13,-107.25,291.48,1,29,2.1,1573934358
381,Jiayuguan,CN,1280957,39.77,98.29,261.38,66,41,1.82,1573934617
382,Bathsheba,BB,3374083,13.22,-59.52,300.15,40,83,2.6,1573934618
383,Geraldton,CA,5960603,49.72,-86.95,273.15,90,85,5.7,1573934619
384,Tura,RU,2014833,64.27,100.22,238.91,63,95,1.26,1573934620
385,Katangli,RU,2122783,51.71,143.23,271.06,100,97,2.96,1573934622
386,Nastola,FI,645036,60.95,25.93,273.15,90,94,5.1,1573934624
387,Taruma,BO,3904666,-18.12,-63.46,306.15,40,38,1.5,1573934625
388,Cikupa,ID,1622031,-7.49,108.52,295.23,21,93,0.37,1573934626
389,Nishihara,JP,1850144,35.74,139.53,285.93,20,76,3.1,1573934627
390,Okhotsk,RU,2122605,59.36,143.24,264.9,100,73,8.3,1573934628
391,Riyadh,SA,108410,24.63,46.72,291.15,40,48,2.1,1573934591
392,Arroyo,BO,3906466,-11.08,-66.08,306.15,75,55,2.6,1573934630
393,Westport,US,4845585,41.14,-73.36,278.71,1,18,5.1,1573934583
394,Svecha,RU,485799,58.28,47.52,273.21,100,94,2.56,1573934632
395,Piranhas,BR,3453586,-16.43,-51.82,300.35,100,61,0.18,1573934633
396,Roald,NO,3141667,62.58,6.12,273.15,0,53,3.1,1573934634
397,Storsteinnes,NO,3136023,69.24,19.23,267.15,0,77,8.2,1573934637
398,Rajkot,IN,1258847,22.3,70.8,298.71,0,76,2.18,1573934638
399,Raichur,IN,1259012,16.2,77.36,295.38,0,86,1.37,1573934639
400,Presidencia Roque Saenz Pena,AR,3840300,-26.79,-60.44,306.67,16,22,3.5,1573934640
401,Salvador,BR,3450554,-12.98,-38.48,301.15,20,74,9.3,1573934641
402,Hualmay,PE,3939761,-11.1,-77.61,294.8,56,63,3.99,1573934642
403,Shima,JP,1861450,34.34,136.82,286.15,20,82,5.7,1573934643
404,Neiafu,TO,4032420,-18.65,-173.98,298.15,20,73,1.0,1573934644
405,Smithers,CA,6149996,54.78,-127.17,277.15,90,93,3.6,1573934520
406,Namanyere,TZ,151986,-7.51,31.05,291.16,20,85,1.13,1573934646
407,Molteno,ZA,974719,-31.4,26.36,287.0,36,85,2.51,1573934648
408,Araouane,ML,2460954,18.9,-3.53,299.55,100,12,3.68,1573934650
409,Santa Rosa,AR,3835994,-36.62,-64.29,306.03,0,12,3.19,1573934651
410,Chapais,CA,5919850,49.78,-74.86,261.15,1,60,3.6,1573934652
411,Mahon,IE,2965139,51.89,-8.4,278.71,100,91,2.1,1573934653
412,Kilindoni,TZ,157429,-7.91,39.67,301.44,79,78,8.64,1573934654
413,Dickinson,US,5688789,46.88,-102.79,279.82,90,80,11.3,1573934420
414,Preeceville,CA,6112862,51.95,-102.67,270.42,100,89,7.1,1573934656
415,Valparaiso,US,4927537,41.47,-87.06,279.26,1,90,2.1,1573934587
416,Hambantota,LK,1244926,6.12,81.12,299.69,100,81,3.13,1573934659
417,Rabo de Peixe,PT,3372745,37.8,-25.58,290.15,75,63,2.1,1573934660
418,Oistins,BB,3373652,13.07,-59.53,300.15,40,83,2.6,1573934661
419,Matay,EG,352628,28.42,30.79,290.32,0,77,5.29,1573934663
420,Huaiyin,CN,1797873,33.59,119.02,293.71,100,99,0.24,1573934664
421,Milkovo,BG,727030,41.53,24.68,289.26,20,93,2.6,1573934665
422,Qandala,SO,53157,11.47,49.87,298.7,73,68,4.75,1573934666
423,Marsabit,KE,187585,2.34,37.99,299.25,0,51,5.6,1573934667
424,Halifax,CA,6324729,44.65,-63.58,271.48,40,49,10.8,1573934616
425,Nanortalik,GL,3421765,60.14,-45.24,273.1,100,79,12.62,1573934670
426,Anito,PH,1730622,12.45,125.29,300.85,100,83,8.56,1573934671
427,Kasongo-Lunda,CD,2315026,-6.48,16.82,293.86,100,99,1.47,1573934672
428,Helong,CN,1808534,25.94,116.13,288.5,0,65,1.13,1573934674
429,Saverne,FR,2975588,48.74,7.36,275.93,44,100,0.4,1573934676
430,Enshi,CN,1811720,30.29,109.48,284.25,24,95,0.17,1573934677
431,Tire,TR,299137,38.09,27.73,286.15,44,87,0.5,1573934678
432,Kigoma,TZ,157738,-4.88,29.64,298.15,40,88,3.22,1573934679
433,Mbaiki,CF,2384770,3.87,17.99,297.36,100,74,0.39,1573934680
434,Komsomolskiy,RU,1486910,67.55,63.78,265.04,100,96,2.26,1573934681
435,Nogliki,RU,2122783,51.8,143.14,272.9,100,90,10.06,1573934682
436,Shingu,JP,1847947,33.72,135.99,287.81,15,72,2.96,1573934683
437,Jasper,US,4069659,33.83,-87.28,289.26,1,46,2.6,1573934463
438,Goderich,CA,5962442,43.74,-81.71,273.71,87,52,3.35,1573934685
439,Tongliao,CN,2034400,43.61,122.27,267.81,100,30,4.28,1573934686
440,Balabac,PH,1728675,7.99,117.06,299.1,81,80,0.97,1573934687
441,Ugento,IT,2522833,39.93,18.16,292.04,40,93,3.1,1573934689
442,Port-Gentil,GA,2396518,-0.72,8.78,298.15,40,94,4.21,1573934690
443,Xai-Xai,MZ,1024552,-25.04,33.64,293.88,0,81,2.78,1573934691
444,Maniwaki,CA,6065262,46.38,-75.98,265.63,0,67,0.87,1573934692
445,Giddalur,IN,1271213,15.38,78.93,293.9,0,92,0.62,1573934693
446,Isangel,VU,2136825,-19.55,169.27,296.38,69,79,8.13,1573934695
447,Hanmer Springs,NZ,2190299,-42.52,172.83,288.64,0,31,0.7,1573934696
448,Saint-Leger,FR,2967970,48.93,-0.86,276.15,83,100,2.6,1573934697
449,Yigou,CN,1786720,35.81,114.32,281.28,98,83,2.98,1573934698
450,Auki,NG,2339937,12.18,6.51,300.67,67,21,2.51,1573934699
451,Pontes e Lacerda,BR,3453060,-15.23,-59.33,302.27,94,68,1.02,1573934700
452,Santa Fe,AR,3836277,-31.62,-60.7,299.82,27,46,3.58,1573934702
453,Nuevo Progreso,US,3520271,26.05,-97.95,295.93,1,49,2.1,1573934703
454,Vitim,RU,2013375,59.44,112.57,242.6,98,97,1.84,1573934704
455,Carman,CA,5917275,49.51,-98.0,281.15,1,61,4.1,1573934705
456,Houma,CN,1784874,35.63,111.36,281.8,47,49,1.22,1573934706
457,Ust-Tsilma,RU,477940,65.44,52.15,270.47,97,89,4.35,1573934707
458,Qasigiannguit,GL,3420768,68.82,-51.19,268.15,75,57,10.8,1573934708
459,Aden,YE,415189,12.79,45.03,299.03,5,71,7.11,1573934520
460,North Bend,US,5742974,43.41,-124.22,289.82,1,87,0.65,1573934710
461,Yar-Sale,RU,1486321,66.83,70.83,255.57,100,95,7.78,1573934711
462,Batagay-Alyta,RU,2027042,67.8,130.41,253.27,100,98,1.68,1573934713
463,Jizan,SA,105299,16.89,42.56,300.15,11,61,2.1,1573934714
464,Ust-Nera,RU,2120048,64.57,143.24,249.3,83,97,3.61,1573934715
465,Basco,US,4863349,40.33,-91.2,282.04,1,56,3.6,1573934716
466,Hurzuf,UA,707860,44.55,34.28,286.62,0,70,5.32,1573934717
467,Camacha,PT,2270385,33.08,-16.33,292.15,75,63,4.6,1573934718
468,Tateyama,JP,1849876,36.66,137.31,283.15,0,83,0.89,1573934719
469,Wanning,AT,3220813,48.64,13.53,278.71,75,100,2.1,1573934722
470,Port Macquarie,AU,2152659,-31.43,152.91,292.04,75,88,3.71,1573934723
471,Taltal,CL,3870243,-25.41,-70.49,290.32,6,72,2.86,1573934724
472,Mount Isa,AU,2065594,-20.73,139.49,298.15,2,12,5.1,1573934725
473,Lyman,UA,693468,48.98,37.82,277.05,21,82,3.52,1573934726
474,Saint-Pierre,FR,2995603,48.95,4.24,278.15,90,93,3.6,1573934727
475,Aykino,RU,580182,62.22,49.99,270.14,100,94,1.99,1573934728
476,Bom Jesus,BR,3405304,-9.08,-44.36,300.33,45,60,3.02,1573934729
477,Mindelo,PT,2739997,41.31,-8.72,285.37,75,76,4.1,1573934733
478,Muros,ES,3115824,42.77,-9.06,285.93,90,100,1.5,1573934734
479,Clyde River,CA,5924351,70.47,-68.59,258.15,40,77,6.2,1573934735
480,Acari,BR,3390864,-6.44,-36.64,299.87,52,52,9.79,1573934736
481,Neyshabur,IR,122285,36.21,58.79,274.6,80,61,6.31,1573934737
482,Ugoofaaru,MV,1337619,5.67,73.0,300.9,100,75,5.6,1573934479
483,Tessalit,ML,2449893,20.2,1.01,296.77,56,13,3.38,1573934739
484,Kamaishi,JP,2112444,39.28,141.86,278.59,1,61,9.66,1573934740
485,Dingzhou,CN,1812728,38.51,115.0,279.15,100,87,1.0,1573934741
486,Pastavy,BY,623760,55.11,26.84,280.92,100,95,5.85,1573934742
487,Oda,JP,1854774,35.19,132.5,281.71,100,87,1.7,1573934743
488,Heihe,RU,2036973,50.24,127.51,256.15,20,70,2.0,1573934744
489,Magadan,RU,2123628,59.56,150.8,263.62,76,66,10.45,1573934746
490,Eldersburg,US,4354163,39.4,-76.95,280.93,20,26,7.7,1573934534
491,Moranbah,AU,6533368,-22.0,148.04,296.38,73,68,6.59,1573934450
492,Port Moresby,PG,2088122,-9.47,147.16,298.15,75,88,4.1,1573934749
493,Palmer,AU,2067070,-34.85,139.16,283.71,40,76,1.0,1573934750
494,Warrnambool,AU,2144528,-38.38,142.48,284.26,69,61,1.34,1573934497
495,Belaya Gora,RU,2126785,68.54,146.19,253.68,100,98,2.62,1573934752
496,Carroll,AU,2172210,-30.99,150.44,288.15,30,77,2.1,1573934753
497,Tezu,IN,1254709,27.93,96.16,292.15,40,64,0.94,1573934754
498,Swanton,US,5173514,41.59,-83.89,276.15,75,74,4.6,1573934755
499,Jak,ID,1640576,-9.4,124.49,293.38,0,62,1.31,1573934757
500,Wajima,JP,1848976,37.4,136.9,285.45,68,72,7.11,1573934758
501,Ruidoso,US,5488598,33.33,-105.67,292.59,1,18,6.7,1573934760
502,Raymond,CA,6117675,49.47,-112.67,283.71,75,43,5.7,1573934761
503,Putina,PE,3931275,-14.91,-69.87,290.15,40,27,6.7,1573934762
504,Haines Junction,CA,5969025,60.75,-137.51,270.71,100,97,1.42,1573934763
505,Spirit River,CA,6153766,55.78,-118.84,277.15,90,64,2.1,1573934764
506,Datong,CN,2037799,40.09,113.3,276.0,73,45,3.66,1573934765
507,Aswan,EG,359792,24.09,32.9,291.43,0,41,4.7,1573934766
508,Talnakh,RU,1490256,69.49,88.39,254.15,0,77,4.0,1573934769
509,Ravar,IR,118704,31.27,56.81,278.82,91,53,3.52,1573934770
510,Giresun,TR,746881,40.91,38.39,287.15,40,87,1.5,1573934772
511,Uvat,RU,1487939,59.14,68.9,268.44,100,96,3.61,1573934774
512,Jiazi,CN,1894019,19.61,110.49,293.15,83,94,2.0,1573934775
513,Anadyr,RU,2127202,64.73,177.51,266.15,75,79,5.0,1573934776
514,Itarema,BR,3393692,-2.92,-39.92,298.93,0,73,4.48,1573934777
515,Warmbad,DE,3305808,50.67,13.08,277.04,100,86,2.1,1573934778
516,Fairbanks,US,5861897,64.84,-147.72,259.82,90,77,2.1,1573934688
517,Jinchang,CN,1805733,38.52,102.19,264.84,100,68,7.16,1573934781
518,San Carlos de Bariloche,AR,7647007,-41.13,-71.31,288.15,75,50,14.9,1573934552
519,Surt,LY,2210554,31.21,16.59,292.86,100,33,7.01,1573934657
520,Traralgon,AU,2146108,-38.19,146.54,284.26,49,85,2.24,1573934784
521,Biskamzha,RU,1510030,53.45,89.53,251.76,100,86,0.47,1573934785
522,Havoysund,NO,779622,71.0,24.66,273.15,1,74,6.7,1573934786
523,Maniitsoq,GL,3421982,65.42,-52.9,269.13,72,63,7.03,1573934787
524,Bandrele,YT,1090397,-12.91,45.19,301.15,75,83,3.6,1573934788
525,Bubaque,GW,2374583,11.28,-15.83,301.59,100,75,5.14,1573934789
526,Drovyanaya,RU,2024848,51.58,113.05,252.15,100,63,2.0,1573934790
527,Simao,CN,1794209,22.76,100.79,283.89,0,94,0.1,1573934792
528,Kendari,ID,1640344,-3.99,122.52,295.64,11,94,1.01,1573934793
529,Prince Rupert,CA,6113406,54.32,-130.32,283.15,90,93,7.2,1573934794
530,Amahai,ID,1651591,-3.31,129.0,300.93,100,88,1.41,1573934795
531,Semnan,IR,116402,35.58,53.39,277.15,40,60,2.1,1573934796
532,Caledon,CA,6094201,43.88,-79.86,270.93,90,79,8.2,1573934797
533,Ko Samui,TH,1154689,9.54,99.94,301.37,85,70,3.4,1573934798
534,Itoman,JP,1861280,26.12,127.67,296.15,75,69,4.6,1573934799
535,Robe,ET,336350,7.12,40.01,280.51,61,88,2.01,1573934800
536,Huntsville,US,4068590,34.73,-86.59,288.15,1,30,3.6,1573934801
537,Berlevag,NO,780687,70.86,29.09,274.1,25,73,5.0,1573934708
538,Matara,BI,425378,-3.48,29.48,288.2,95,87,1.44,1573934803
539,Canberra,AU,2172517,-35.3,149.1,285.37,40,81,2.1,1573934804
540,Verkhnedneprovskiy,RU,475614,54.98,33.35,277.6,100,92,2.93,1573934806
